variable,dtype,n_total,n_valid,n_missing,missing_pct,n_unique,question_id,platform,concept,role,universe,structural_missing,candidate,selection_reason,final_status,exclusion_reason,eligible_n,valid_response_n,special_n,eligible_missing_n,eligible_missing_pct,routing_violation_n
QKEY,int64,10454,10454,0,0.0,10454,,,,,,,,,,,,,,,,
INTERVIEW_START_W144,str,10454,10287,167,1.6,9236,,,,,,,,,,,,,,,,
INTERVIEW_END_W144,str,10454,10287,167,1.6,9448,,,,,,,,,,,,,,,,
DEVICE_TYPE_W144,float64,10454,10287,167,1.6,3,,,,,,,,,,,,,,,,
LANG_W144,float64,10454,10287,167,1.6,2,,,,,,,,,,,,,,,,
XRAND_FB_IG_W144,float64,10454,10287,167,1.6,2,,,,,,,,,,,,,,,,
SMUSE_a_W144,float64,10454,10287,167,1.6,3,SMUSE,Facebook,Platform use,Routing / QA,All respondents,No,Yes,Required to define platform-user universes and validate routing,,,,,,,,
SMUSE_c_W144,float64,10454,10287,167,1.6,3,SMUSE,X,Platform use,Routing / QA,All respondents,No,Yes,Required to define platform-user universes and validate routing,,,,,,,,
SMUSE_d_W144,float64,10454,10287,167,1.6,3,SMUSE,Instagram,Platform use,Routing / QA,All respondents,No,Yes,Required to define platform-user universes and validate routing,,,,,,,,
SMUSE_i_W144,float64,10454,10287,167,1.6,3,SMUSE,TikTok,Platform use,Routing / QA,All respondents,No,Yes,Required to define platform-user universes and validate routing,,,,,,,,
SMUSE2_a_W144,float64,10454,7590,2864,27.4,7,SMUSE2,Facebook,Platform usage frequency,Outcome,Facebook users,Yes,Yes,Directly measures intensity of platform use,,,,,,,,
SMUSE2_c_W144,float64,10454,2565,7889,75.46,7,SMUSE2,X,Platform usage frequency,Outcome,X users,Yes,Yes,Directly measures intensity of platform use,,,,,,,,
SMUSE2_d_W144,float64,10454,4918,5536,52.96,7,SMUSE2,Instagram,Platform usage frequency,Outcome,Instagram users,Yes,Yes,Directly measures intensity of platform use,,,,,,,,
SMUSE2_i_W144,float64,10454,2562,7892,75.49,7,SMUSE2,TikTok,Platform usage frequency,Outcome,TikTok users,Yes,Yes,Directly measures intensity of platform use,,,,,,,,
SOCIALNEWS2_a_W144,float64,10454,7590,2864,27.4,3,SOCIALNEWS2,Facebook,News consumption on platform,Outcome,Facebook users,Yes,Yes,Measures whether users regularly get news from the platform,,,,,,,,
SOCIALNEWS2_c_W144,float64,10454,2565,7889,75.46,3,SOCIALNEWS2,X,News consumption on platform,Outcome,X users,Yes,Yes,Measures whether users regularly get news from the platform,,,,,,,,
SOCIALNEWS2_d_W144,float64,10454,4918,5536,52.96,3,SOCIALNEWS2,Instagram,News consumption on platform,Outcome,Instagram users,Yes,Yes,Measures whether users regularly get news from the platform,,,,,,,,
SOCIALNEWS2_i_W144,float64,10454,2562,7892,75.49,3,SOCIALNEWS2,TikTok,News consumption on platform,Outcome,TikTok users,Yes,Yes,Measures whether users regularly get news from the platform,,,,,,,,
DOV_USE4_W144,float64,10454,8686,1768,16.91,2,DOV_USE4,,Cross-platform usage routing,Routing / QA,Users of at least one studied platform,Yes,Yes,Identifies respondents using all four platforms,,,,,,,,
DOV_ASKFB_W144,float64,10454,8686,1768,16.91,2,DOV_ASKFB,,Facebook module eligibility,Routing / QA,Users of at least one studied platform,Yes,Yes,Defines eligibility for the Facebook module,,,,,,,,
DOV_ASKIG_W144,float64,10454,8686,1768,16.91,2,DOV_ASKIG,,Instagram module eligibility,Routing / QA,Users of at least one studied platform,Yes,Yes,Defines eligibility for the Instagram module,,,,,,,,
FBWHY_a_W144,float64,10454,7157,3297,31.54,4,FBWHY,Facebook,Get news,Outcome,Respondents eligible for Facebook module,Yes,Yes,Measures motivation for using the platform; comparable across platforms,INCLUDE,,7157,7135,22,0,0.0,0
FBWHY_b_W144,float64,10454,7157,3297,31.54,4,FBWHY,Facebook,Politics or political issues,Outcome,Respondents eligible for Facebook module,Yes,Yes,Measures motivation for using the platform; comparable across platforms,INCLUDE,,7157,7136,21,0,0.0,0
FBWHY_c_W144,float64,10454,7157,3297,31.54,4,FBWHY,Facebook,Sports or pop culture,Outcome,Respondents eligible for Facebook module,Yes,Yes,Measures motivation for using the platform; comparable across platforms,INCLUDE,,7157,7139,18,0,0.0,0
FBWHY_d_W144,float64,10454,7157,3297,31.54,4,FBWHY,Facebook,Entertainment,Outcome,Respondents eligible for Facebook module,Yes,Yes,Measures motivation for using the platform; comparable across platforms,INCLUDE,,7157,7142,15,0,0.0,0
FBWHY_e_W144,float64,10454,7157,3297,31.54,4,FBWHY,Facebook,Friends and family,Outcome,Respondents eligible for Facebook module,Yes,Yes,Measures motivation for using the platform; comparable across platforms,INCLUDE,,7157,7144,13,0,0.0,0
FBWHY_f_W144,float64,10454,7157,3297,31.54,4,FBWHY,Facebook,Shared interests,Outcome,Respondents eligible for Facebook module,Yes,Yes,Measures motivation for using the platform; comparable across platforms,INCLUDE,,7157,7140,17,0,0.0,0
FBWHY_g_W144,float64,10454,7157,3297,31.54,4,FBWHY,Facebook,Product reviews or recommendations,Outcome,Respondents eligible for Facebook module,Yes,Yes,Measures motivation for using the platform; comparable across platforms,INCLUDE,,7157,7143,14,0,0.0,0
FBDEMOCRACY_W144,float64,10454,7157,3297,31.54,4,,,,,,,,,,,,,,,,
FBSOURCE_a_W144,float64,10454,2322,8132,77.79,3,,,,,,,,,,,,,,,,
FBSOURCE_b_W144,float64,10454,2322,8132,77.79,3,,,,,,,,,,,,,,,,
FBSOURCE_c_W144,float64,10454,2322,8132,77.79,3,,,,,,,,,,,,,,,,
FBSOURCE_d_W144,float64,10454,2322,8132,77.79,3,,,,,,,,,,,,,,,,
FBSOURCE_e_W144,float64,10454,2322,8132,77.79,3,,,,,,,,,,,,,,,,
FBTYPE_a_W144,float64,10454,7157,3297,31.54,3,,,,,,,,,,,,,,,,
FBTYPE_b_W144,float64,10454,7157,3297,31.54,3,,,,,,,,,,,,,,,,
FBTYPE_c_W144,float64,10454,7157,3297,31.54,3,,,,,,,,,,,,,,,,
FBTYPE_d_W144,float64,10454,7157,3297,31.54,3,,,,,,,,,,,,,,,,
FBACC_W144,float64,10454,2322,8132,77.79,6,,,,,,,,,,,,,,,,
FBINFLUENCE_W144,float64,10454,2322,8132,77.79,5,,,,,,,,,,,,,,,,
FBELSE_W144,float64,10454,2322,8132,77.79,4,,,,,,,,,,,,,,,,
FBWORN_W144,float64,10454,2322,8132,77.79,6,,,,,,,,,,,,,,,,
FBHARASS_W144,float64,10454,7157,3297,31.54,4,,,,,,,,,,,,,,,,
FBSHARE_W144,float64,10454,7157,3297,31.54,3,,,,,,,,,,,,,,,,
FBSHAREPOL_W144,float64,10454,5061,5393,51.59,6,,,,,,,,,,,,,,,,
FBWHYSP_a_W144,float64,10454,1988,8466,80.98,4,,,,,,,,,,,,,,,,
FBWHYSP_b_W144,float64,10454,1988,8466,80.98,4,,,,,,,,,,,,,,,,
FBWHYSP_c_W144,float64,10454,1988,8466,80.98,4,,,,,,,,,,,,,,,,
FBWHYSP_d_W144,float64,10454,1988,8466,80.98,4,,,,,,,,,,,,,,,,
FBWHYNTSP_a_W144,float64,10454,3071,7383,70.62,4,,,,,,,,,,,,,,,,
FBWHYNTSP_b_W144,float64,10454,3071,7383,70.62,4,,,,,,,,,,,,,,,,
FBWHYNTSP_c_W144,float64,10454,3071,7383,70.62,4,,,,,,,,,,,,,,,,
FBWHYNTSP_d_W144,float64,10454,3071,7383,70.62,4,,,,,,,,,,,,,,,,
FBSEEPOL_W144,float64,10454,7157,3297,31.54,6,,,,,,,,,,,,,,,,
FBPOLIDEO_W144,float64,10454,6369,4085,39.08,5,,,,,,,,,,,,,,,,
FBFREEEXP_W144,float64,10454,7157,3297,31.54,3,,,,,,,,,,,,,,,,
IGWHY_a_W144,float64,10454,4515,5939,56.81,4,IGWHY,Instagram,Get news,Outcome,Respondents eligible for Instagram module,Yes,Yes,Measures motivation for using the platform; comparable across platforms,INCLUDE,,4515,4489,26,0,0.0,0
IGWHY_b_W144,float64,10454,4515,5939,56.81,4,IGWHY,Instagram,Politics or political issues,Outcome,Respondents eligible for Instagram module,Yes,Yes,Measures motivation for using the platform; comparable across platforms,INCLUDE,,4515,4497,18,0,0.0,0
IGWHY_c_W144,float64,10454,4515,5939,56.81,4,IGWHY,Instagram,Sports or pop culture,Outcome,Respondents eligible for Instagram module,Yes,Yes,Measures motivation for using the platform; comparable across platforms,INCLUDE,,4515,4496,19,0,0.0,0
IGWHY_d_W144,float64,10454,4515,5939,56.81,4,IGWHY,Instagram,Entertainment,Outcome,Respondents eligible for Instagram module,Yes,Yes,Measures motivation for using the platform; comparable across platforms,INCLUDE,,4515,4496,19,0,0.0,0
IGWHY_e_W144,float64,10454,4515,5939,56.81,4,IGWHY,Instagram,Friends and family,Outcome,Respondents eligible for Instagram module,Yes,Yes,Measures motivation for using the platform; comparable across platforms,INCLUDE,,4515,4501,14,0,0.0,0
IGWHY_f_W144,float64,10454,4515,5939,56.81,4,IGWHY,Instagram,Shared interests,Outcome,Respondents eligible for Instagram module,Yes,Yes,Measures motivation for using the platform; comparable across platforms,INCLUDE,,4515,4492,23,0,0.0,0
IGWHY_g_W144,float64,10454,4515,5939,56.81,4,IGWHY,Instagram,Product reviews or recommendations,Outcome,Respondents eligible for Instagram module,Yes,Yes,Measures motivation for using the platform; comparable across platforms,INCLUDE,,4515,4501,14,0,0.0,0
IGDEMOCRACY_W144,float64,10454,4515,5939,56.81,4,,,,,,,,,,,,,,,,
IGSOURCE_a_W144,float64,10454,1119,9335,89.3,3,,,,,,,,,,,,,,,,
IGSOURCE_b_W144,float64,10454,1119,9335,89.3,3,,,,,,,,,,,,,,,,
IGSOURCE_c_W144,float64,10454,1119,9335,89.3,3,,,,,,,,,,,,,,,,
IGSOURCE_d_W144,float64,10454,1119,9335,89.3,3,,,,,,,,,,,,,,,,
IGSOURCE_e_W144,float64,10454,1119,9335,89.3,3,,,,,,,,,,,,,,,,
IGTYPE_a_W144,float64,10454,4515,5939,56.81,3,,,,,,,,,,,,,,,,
IGTYPE_b_W144,float64,10454,4515,5939,56.81,3,,,,,,,,,,,,,,,,
IGTYPE_c_W144,float64,10454,4515,5939,56.81,3,,,,,,,,,,,,,,,,
IGTYPE_d_W144,float64,10454,4515,5939,56.81,3,,,,,,,,,,,,,,,,
IGACC_W144,float64,10454,1119,9335,89.3,6,,,,,,,,,,,,,,,,
IGINFLUENCE_W144,float64,10454,1119,9335,89.3,5,,,,,,,,,,,,,,,,
IGELSE_W144,float64,10454,1119,9335,89.3,4,,,,,,,,,,,,,,,,
IGWORN_W144,float64,10454,1119,9335,89.3,6,,,,,,,,,,,,,,,,
IGHARASS_W144,float64,10454,4515,5939,56.81,4,,,,,,,,,,,,,,,,
IGSHARE_W144,float64,10454,4515,5939,56.81,3,,,,,,,,,,,,,,,,
IGSHAREPOL_W144,float64,10454,2599,7855,75.14,6,,,,,,,,,,,,,,,,
IGWHYSP_a_W144,float64,10454,748,9706,92.84,4,,,,,,,,,,,,,,,,
IGWHYSP_b_W144,float64,10454,748,9706,92.84,4,,,,,,,,,,,,,,,,
IGWHYSP_c_W144,float64,10454,748,9706,92.84,4,,,,,,,,,,,,,,,,
IGWHYSP_d_W144,float64,10454,748,9706,92.84,4,,,,,,,,,,,,,,,,
IGWHYNTSP_a_W144,float64,10454,1849,8605,82.31,4,,,,,,,,,,,,,,,,
IGWHYNTSP_b_W144,float64,10454,1849,8605,82.31,4,,,,,,,,,,,,,,,,
IGWHYNTSP_c_W144,float64,10454,1849,8605,82.31,4,,,,,,,,,,,,,,,,
IGWHYNTSP_d_W144,float64,10454,1849,8605,82.31,4,,,,,,,,,,,,,,,,
IGSEEPOL_W144,float64,10454,4515,5939,56.81,6,,,,,,,,,,,,,,,,
IGPOLIDEO_W144,float64,10454,3303,7151,68.4,5,,,,,,,,,,,,,,,,
IGFREEEXP_W144,float64,10454,4515,5939,56.81,3,,,,,,,,,,,,,,,,
XTWHY_a_W144,float64,10454,2565,7889,75.46,4,XTWHY,X,Get news,Outcome,Respondents eligible for X module,Yes,Yes,Measures motivation for using the platform; comparable across platforms,INCLUDE,,2565,2555,10,0,0.0,0
XTWHY_b_W144,float64,10454,2565,7889,75.46,4,XTWHY,X,Politics or political issues,Outcome,Respondents eligible for X module,Yes,Yes,Measures motivation for using the platform; comparable across platforms,INCLUDE,,2565,2554,11,0,0.0,0
XTWHY_c_W144,float64,10454,2565,7889,75.46,4,XTWHY,X,Sports or pop culture,Outcome,Respondents eligible for X module,Yes,Yes,Measures motivation for using the platform; comparable across platforms,INCLUDE,,2565,2555,10,0,0.0,0
XTWHY_d_W144,float64,10454,2565,7889,75.46,4,XTWHY,X,Entertainment,Outcome,Respondents eligible for X module,Yes,Yes,Measures motivation for using the platform; comparable across platforms,INCLUDE,,2565,2551,14,0,0.0,0
XTWHY_e_W144,float64,10454,2565,7889,75.46,4,XTWHY,X,Friends and family,Outcome,Respondents eligible for X module,Yes,Yes,Measures motivation for using the platform; comparable across platforms,INCLUDE,,2565,2557,8,0,0.0,0
XTWHY_f_W144,float64,10454,2565,7889,75.46,4,XTWHY,X,Shared interests,Outcome,Respondents eligible for X module,Yes,Yes,Measures motivation for using the platform; comparable across platforms,INCLUDE,,2565,2557,8,0,0.0,0
XTWHY_g_W144,float64,10454,2565,7889,75.46,4,XTWHY,X,Product reviews or recommendations,Outcome,Respondents eligible for X module,Yes,Yes,Measures motivation for using the platform; comparable across platforms,INCLUDE,,2565,2557,8,0,0.0,0
XTDEMOCRACY_W144,float64,10454,2565,7889,75.46,4,,,,,,,,,,,,,,,,
XTSOURCE_a_W144,float64,10454,1143,9311,89.07,3,,,,,,,,,,,,,,,,
XTSOURCE_b_W144,float64,10454,1143,9311,89.07,3,,,,,,,,,,,,,,,,
XTSOURCE_c_W144,float64,10454,1143,9311,89.07,3,,,,,,,,,,,,,,,,
XTSOURCE_d_W144,float64,10454,1143,9311,89.07,3,,,,,,,,,,,,,,,,
XTSOURCE_e_W144,float64,10454,1143,9311,89.07,3,,,,,,,,,,,,,,,,
XTTYPE_a_W144,float64,10454,2565,7889,75.46,3,,,,,,,,,,,,,,,,
XTTYPE_b_W144,float64,10454,2565,7889,75.46,3,,,,,,,,,,,,,,,,
XTTYPE_c_W144,float64,10454,2565,7889,75.46,3,,,,,,,,,,,,,,,,
XTTYPE_d_W144,float64,10454,2565,7889,75.46,3,,,,,,,,,,,,,,,,
XTACC_W144,float64,10454,1143,9311,89.07,6,,,,,,,,,,,,,,,,
XTINFLUENCE_W144,float64,10454,1143,9311,89.07,5,,,,,,,,,,,,,,,,
XTELSE_W144,float64,10454,1143,9311,89.07,4,,,,,,,,,,,,,,,,
XTWORN_W144,float64,10454,1143,9311,89.07,6,,,,,,,,,,,,,,,,
XTHARASS_W144,float64,10454,2565,7889,75.46,4,,,,,,,,,,,,,,,,
XTSHARE_W144,float64,10454,2565,7889,75.46,3,,,,,,,,,,,,,,,,
XTSHAREPOL_W144,float64,10454,883,9571,91.55,6,,,,,,,,,,,,,,,,
XTWHYSP_a_W144,float64,10454,584,9870,94.41,4,,,,,,,,,,,,,,,,
XTWHYSP_b_W144,float64,10454,584,9870,94.41,4,,,,,,,,,,,,,,,,
XTWHYSP_c_W144,float64,10454,584,9870,94.41,4,,,,,,,,,,,,,,,,
XTWHYSP_d_W144,float64,10454,584,9870,94.41,4,,,,,,,,,,,,,,,,
XTWHYNTSP_a_W144,float64,10454,297,10157,97.16,4,,,,,,,,,,,,,,,,
XTWHYNTSP_b_W144,float64,10454,297,10157,97.16,3,,,,,,,,,,,,,,,,
XTWHYNTSP_c_W144,float64,10454,297,10157,97.16,3,,,,,,,,,,,,,,,,
XTWHYNTSP_d_W144,float64,10454,297,10157,97.16,3,,,,,,,,,,,,,,,,
XTSEEPOL_W144,float64,10454,2565,7889,75.46,6,,,,,,,,,,,,,,,,
XTPOLIDEO_W144,float64,10454,2354,8100,77.48,5,,,,,,,,,,,,,,,,
XTFREEEXP_W144,float64,10454,2565,7889,75.46,3,,,,,,,,,,,,,,,,
TTWHY_a_W144,float64,10454,2562,7892,75.49,4,TTWHY,TikTok,Get news,Outcome,Respondents eligible for TikTok module,Yes,Yes,Measures motivation for using the platform; comparable across platforms,INCLUDE,,2562,2553,9,0,0.0,0
TTWHY_b_W144,float64,10454,2562,7892,75.49,4,TTWHY,TikTok,Politics or political issues,Outcome,Respondents eligible for TikTok module,Yes,Yes,Measures motivation for using the platform; comparable across platforms,INCLUDE,,2562,2556,6,0,0.0,0
TTWHY_c_W144,float64,10454,2562,7892,75.49,4,TTWHY,TikTok,Sports or pop culture,Outcome,Respondents eligible for TikTok module,Yes,Yes,Measures motivation for using the platform; comparable across platforms,INCLUDE,,2562,2555,7,0,0.0,0
TTWHY_d_W144,float64,10454,2562,7892,75.49,4,TTWHY,TikTok,Entertainment,Outcome,Respondents eligible for TikTok module,Yes,Yes,Measures motivation for using the platform; comparable across platforms,INCLUDE,,2562,2555,7,0,0.0,0
TTWHY_e_W144,float64,10454,2562,7892,75.49,4,TTWHY,TikTok,Friends and family,Outcome,Respondents eligible for TikTok module,Yes,Yes,Measures motivation for using the platform; comparable across platforms,INCLUDE,,2562,2552,10,0,0.0,0
TTWHY_f_W144,float64,10454,2562,7892,75.49,4,TTWHY,TikTok,Shared interests,Outcome,Respondents eligible for TikTok module,Yes,Yes,Measures motivation for using the platform; comparable across platforms,INCLUDE,,2562,2555,7,0,0.0,0
TTWHY_g_W144,float64,10454,2562,7892,75.49,4,TTWHY,TikTok,Product reviews or recommendations,Outcome,Respondents eligible for TikTok module,Yes,Yes,Measures motivation for using the platform; comparable across platforms,INCLUDE,,2562,2553,9,0,0.0,0
TTDEMOCRACY_W144,float64,10454,2562,7892,75.49,4,,,,,,,,,,,,,,,,
TTSOURCE_a_W144,float64,10454,882,9572,91.56,3,,,,,,,,,,,,,,,,
TTSOURCE_b_W144,float64,10454,882,9572,91.56,3,,,,,,,,,,,,,,,,
TTSOURCE_c_W144,float64,10454,882,9572,91.56,3,,,,,,,,,,,,,,,,
TTSOURCE_d_W144,float64,10454,882,9572,91.56,3,,,,,,,,,,,,,,,,
TTSOURCE_e_W144,float64,10454,882,9572,91.56,3,,,,,,,,,,,,,,,,
TTTYPE_a_W144,float64,10454,2562,7892,75.49,3,,,,,,,,,,,,,,,,
TTTYPE_b_W144,float64,10454,2562,7892,75.49,3,,,,,,,,,,,,,,,,
TTTYPE_c_W144,float64,10454,2562,7892,75.49,3,,,,,,,,,,,,,,,,
TTTYPE_d_W144,float64,10454,2562,7892,75.49,3,,,,,,,,,,,,,,,,
TTACC_W144,float64,10454,882,9572,91.56,6,,,,,,,,,,,,,,,,
TTINFLUENCE_W144,float64,10454,882,9572,91.56,5,,,,,,,,,,,,,,,,
TTELSE_W144,float64,10454,882,9572,91.56,4,,,,,,,,,,,,,,,,
TTWORN_W144,float64,10454,882,9572,91.56,6,,,,,,,,,,,,,,,,
TTHARASS_W144,float64,10454,2562,7892,75.49,4,,,,,,,,,,,,,,,,
TTSHARE_W144,float64,10454,2562,7892,75.49,3,,,,,,,,,,,,,,,,
TTSHAREPOL_W144,float64,10454,849,9605,91.88,6,,,,,,,,,,,,,,,,
TTWHYSP_a_W144,float64,10454,282,10172,97.3,3,,,,,,,,,,,,,,,,
TTWHYSP_b_W144,float64,10454,282,10172,97.3,4,,,,,,,,,,,,,,,,
TTWHYSP_c_W144,float64,10454,282,10172,97.3,4,,,,,,,,,,,,,,,,
TTWHYSP_d_W144,float64,10454,282,10172,97.3,4,,,,,,,,,,,,,,,,
TTWHYNTSP_a_W144,float64,10454,565,9889,94.6,3,,,,,,,,,,,,,,,,
TTWHYNTSP_b_W144,float64,10454,565,9889,94.6,4,,,,,,,,,,,,,,,,
TTWHYNTSP_c_W144,float64,10454,565,9889,94.6,4,,,,,,,,,,,,,,,,
TTWHYNTSP_d_W144,float64,10454,565,9889,94.6,3,,,,,,,,,,,,,,,,
TTSEEPOL_W144,float64,10454,2562,7892,75.49,6,,,,,,,,,,,,,,,,
TTPOLIDEO_W144,float64,10454,1967,8487,81.18,5,,,,,,,,,,,,,,,,
TTFREEEXP_W144,float64,10454,2562,7892,75.49,3,,,,,,,,,,,,,,,,
F_METRO,float64,10454,10432,22,0.21,2,PROFILE,,,Banner candidate,All respondents,,No,,EXCLUDE,Useful secondary geography variable but outside primary banner specification,,,,,,
F_CREGION,float64,10454,10451,3,0.03,4,PROFILE,All,Census region,Banner,All respondents,No,Yes,Geographic banner with large and well-distributed bases,INCLUDE,,,,,,,
F_CDIVISION,float64,10454,10451,3,0.03,9,,,,,,,,,,,,,,,,
F_USR_SELFID,int64,10454,10454,0,0.0,4,,,,,,,,,,,,,,,,
F_AGECAT,int64,10454,10454,0,0.0,5,PROFILE,All,Age group,Banner,All respondents,No,Yes,Core demographic banner with adequate substantive base sizes,INCLUDE,,,,,,,
F_GENDER,int64,10454,10454,0,0.0,4,PROFILE,All,Gender,Banner,All respondents,No,Yes,Core demographic banner for subgroup comparison,INCLUDE,,,,,,,
F_EDUCCAT,int64,10454,10454,0,0.0,4,PROFILE,All,Education,Banner,All respondents,No,Yes,Aggregated education measure preferred for stable cross-tab bases,INCLUDE,,,,,,,
F_EDUCCAT2,int64,10454,10454,0,0.0,7,PROFILE,,,Banner candidate,All respondents,,No,,EXCLUDE,More detailed version of education; F_EDUCCAT selected for primary banner,,,,,,
F_HISP,int64,10454,10454,0,0.0,3,,,,,,,,,,,,,,,,
F_HISP_ORIGIN,float64,10454,1341,9113,87.17,10,,,,,,,,,,,,,,,,
F_YEARSINUS_RECODE,int64,10454,10454,0,0.0,5,,,,,,,,,,,,,,,,
F_RACECMB,int64,10454,10454,0,0.0,6,,,,,,,,,,,,,,,,
F_RACETHNMOD,int64,10454,10454,0,0.0,6,,,,,,,,,,,,,,,,
F_BIRTHPLACE,int64,10454,10454,0,0.0,5,,,,,,,,,,,,,,,,
F_MARITAL,int64,10454,10454,0,0.0,7,,,,,,,,,,,,,,,,
F_RELIG,int64,10454,10454,0,0.0,13,,,,,,,,,,,,,,,,
F_BORN,float64,10454,6666,3788,36.23,3,,,,,,,,,,,,,,,,
F_RELIGCAT1,int64,10454,10454,0,0.0,5,,,,,,,,,,,,,,,,
F_ATTENDPER,int64,10454,10454,0,0.0,7,,,,,,,,,,,,,,,,
F_PARTY_FINAL,int64,10454,10454,0,0.0,5,,,,,,,,,,,,,,,,
F_PARTYLN_FINAL,float64,10454,3886,6568,62.83,3,,,,,,,,,,,,,,,,
F_PARTYSUM_FINAL,int64,10454,10454,0,0.0,3,,,,,,,,,,,,,,,,
F_PARTYSUMIDEO_FINAL,int64,10454,10454,0,0.0,5,,,,,,,,,,,,,,,,
F_REG,int64,10454,10454,0,0.0,3,,,,,,,,,,,,,,,,
F_INC_SDT1,int64,10454,10454,0,0.0,10,PROFILE,,,Banner candidate,All respondents,,No,,EXCLUDE,More detailed income measure; F_INC_TIER2 selected for primary banner,,,,,,
F_IDEO,int64,10454,10454,0,0.0,6,,,,,,,,,,,,,,,,
F_INTFREQ,float64,10454,10287,167,1.6,6,,,,,,,,,,,,,,,,
F_VOLSUM,int64,10454,10454,0,0.0,3,,,,,,,,,,,,,,,,
F_INC_TIER2,int64,10454,10454,0,0.0,4,PROFILE,All,Household income tier,Banner,All respondents,No,Yes,Aggregated income measure preferred for stable cross-tab bases,INCLUDE,,,,,,,
WEIGHT_W144,float64,10454,10454,0,0.0,9441,,,,,,,,,,,,,,,,
WEIGHT_W144_FB,float64,10454,7157,3297,31.54,6632,,,,,,,,,,,,,,,,
WEIGHT_W144_IG,float64,10454,4515,5939,56.81,4231,,,,,,,,,,,,,,,,
WEIGHT_W144_XT,float64,10454,2565,7889,75.46,2413,,,,,,,,,,,,,,,,
WEIGHT_W144_TT,float64,10454,2562,7892,75.49,2434,,,,,,,,,,,,,,,,
