table_id,platform,banner,category,unweighted_n,effective_n,weighting_deff
T01,Facebook,Total,Total,7135,2954.010334992966,2.4153605407128644
T01,Facebook,Age,18-29,433,236.8581326310208,1.8280985127689509
T01,Facebook,Age,30-49,2351,998.6142543673734,2.3542624088511226
T01,Facebook,Age,50-64,2154,1178.0860486127963,1.8283893630149923
T01,Facebook,Age,65+,2184,1250.7550374715586,1.746145275908723
T01,Facebook,Gender,A man,2833,1079.912619893709,2.623360397694806
T01,Facebook,Gender,A woman,4255,1907.5953133270857,2.2305569584246596
T01,Facebook,Gender,In some other way,36,18.413605380437744,1.9550761111805783
T01,Facebook,Education,College graduate+,3440,1809.1422334565696,1.90145359297013
T01,Facebook,Education,Some College,2313,985.0307034240157,2.348150156091477
T01,Facebook,Education,H.S. graduate or less,1359,654.4868514109504,2.076435908636288
T01,Facebook,Region,Northeast,1174,501.55926458763014,2.340700457333261
T01,Facebook,Region,Midwest,1591,671.6025500629254,2.3689606298411645
T01,Facebook,Region,South,2849,1132.812816922353,2.5149786067394757
T01,Facebook,Region,West,1518,650.7576949334261,2.332665463380029
T01,Facebook,Income,Lower income,1646,642.9143792242787,2.5602164972356265
T01,Facebook,Income,Middle income,3512,1581.5734774042176,2.220573403749869
T01,Facebook,Income,Upper income,1593,918.046012145376,1.7352071453121702
T02,Facebook,Total,Total,7136,2951.743020734123,2.4175546278500955
T02,Facebook,Age,18-29,432,236.45670985959362,1.8269728960388507
T02,Facebook,Age,30-49,2350,999.0245943902632,2.352294441193693
T02,Facebook,Age,50-64,2157,1169.1742017936253,1.8448918875313491
T02,Facebook,Age,65+,2184,1250.5254070248122,1.7464659156314657
T02,Facebook,Gender,A man,2832,1078.1979341745016,2.626604921264534
T02,Facebook,Gender,A woman,4258,1909.2779947437582,2.2301624026057354
T02,Facebook,Gender,In some other way,36,18.413605380437744,1.9550761111805783
T02,Facebook,Education,College graduate+,3438,1808.400984071447,1.9011270344808495
T02,Facebook,Education,Some College,2314,981.1455631428073,2.358467578029697
T02,Facebook,Education,H.S. graduate or less,1360,654.6068147910308,2.077583015132757
T02,Facebook,Region,Northeast,1173,501.96620459273885,2.3368107041223865
T02,Facebook,Region,Midwest,1589,671.2886804866774,2.367088923424109
T02,Facebook,Region,South,2850,1129.7605845300786,2.522658374725873
T02,Facebook,Region,West,1521,651.3408140333662,2.3351830059310297
T02,Facebook,Income,Lower income,1650,643.7312030159621,2.5631816389659865
T02,Facebook,Income,Middle income,3509,1581.086502052506,2.2193599119622807
T02,Facebook,Income,Upper income,1592,917.5555866845706,1.7350447461743634
T03,Facebook,Total,Total,7139,2952.68268875309,2.4178012853168385
T03,Facebook,Age,18-29,433,236.8581326310208,1.8280985127689509
T03,Facebook,Age,30-49,2353,999.0740168213795,2.355180857856985
T03,Facebook,Age,50-64,2155,1167.1802359050034,1.8463300985636248
T03,Facebook,Age,65+,2185,1251.7600236776896,1.7455422434568868
T03,Facebook,Gender,A man,2833,1078.3494236509594,2.62716327181623
T03,Facebook,Gender,A woman,4259,1909.4072789894021,2.2305351230535657
T03,Facebook,Gender,In some other way,36,18.413605380437744,1.9550761111805783
T03,Facebook,Education,College graduate+,3437,1806.1440010632562,1.9029490439171393
T03,Facebook,Education,Some College,2314,980.7811772617131,2.3593438104721383
T03,Facebook,Education,H.S. graduate or less,1365,657.6998737524756,2.0754147210216978
T03,Facebook,Region,Northeast,1173,501.84236915078344,2.3373873393451174
T03,Facebook,Region,Midwest,1590,671.2043727932155,2.3688761045808127
T03,Facebook,Region,South,2854,1131.3473601503638,2.522655817768191
T03,Facebook,Region,West,1519,650.9339265713476,2.3335701796970407
T03,Facebook,Income,Lower income,1648,642.8490475816989,2.5635878379217134
T03,Facebook,Income,Middle income,3514,1583.2640006309025,2.2194656093991485
T03,Facebook,Income,Upper income,1593,917.7948973806506,1.735681909483652
T04,Facebook,Total,Total,7142,2955.1199463236317,2.4168223726028883
T04,Facebook,Age,18-29,432,236.52959809258778,1.8264099016939808
T04,Facebook,Age,30-49,2353,999.7878840535059,2.3534992147135023
T04,Facebook,Age,50-64,2158,1169.112528399018,1.8458445595097368
T04,Facebook,Age,65+,2186,1253.0597137973336,1.744529790504108
T04,Facebook,Gender,A man,2832,1078.7957590873693,2.6251493632082794
T04,Facebook,Gender,A woman,4263,1911.5540005533576,2.23012271626433
T04,Facebook,Gender,In some other way,36,18.413605380437744,1.9550761111805783
T04,Facebook,Education,College graduate+,3438,1807.6388957219554,1.9019285367982153
T04,Facebook,Education,Some College,2316,981.870784046798,2.3587625150170624
T04,Facebook,Education,H.S. graduate or less,1365,657.7064150742341,2.075394079660809
T04,Facebook,Region,Northeast,1175,502.72633570777924,2.337255712585136
T04,Facebook,Region,Midwest,1591,671.6382977820838,2.368834542720206
T04,Facebook,Region,South,2852,1131.9373547212488,2.519574063091446
T04,Facebook,Region,West,1521,651.4503745032285,2.3347902764809323
T04,Facebook,Income,Lower income,1654,645.7940851871027,2.5611879048424466
T04,Facebook,Income,Middle income,3509,1580.9326872802512,2.2195758416739984
T04,Facebook,Income,Upper income,1594,918.5632653617522,1.7353186874637803
T05,Facebook,Total,Total,7144,2955.8400604038334,2.416910202855824
T05,Facebook,Age,18-29,433,236.8581326310208,1.8280985127689509
T05,Facebook,Age,30-49,2356,1001.1869932349307,2.353206759496085
T05,Facebook,Age,50-64,2157,1168.743940060538,1.8455710665659346
T05,Facebook,Age,65+,2185,1251.7961803560813,1.7454918254970733
T05,Facebook,Gender,A man,2834,1079.3268363839097,2.625710678606683
T05,Facebook,Gender,A woman,4263,1911.707322877948,2.2299438564593337
T05,Facebook,Gender,In some other way,36,18.413605380437744,1.9550761111805783
T05,Facebook,Education,College graduate+,3442,1810.5774772361137,1.9010509316918536
T05,Facebook,Education,Some College,2314,981.1229398178015,2.3585219609988113
T05,Facebook,Education,H.S. graduate or less,1365,657.1776794999282,2.0770638483015444
T05,Facebook,Region,Northeast,1173,501.7187196414204,2.3379633927917736
T05,Facebook,Region,Midwest,1590,671.2960963266552,2.3685524296960905
T05,Facebook,Region,South,2855,1132.8865375437572,2.5201111544585966
T05,Facebook,Region,West,1523,652.517899419978,2.3340355894509437
T05,Facebook,Income,Lower income,1654,645.3509111422254,2.5629467185109216
T05,Facebook,Income,Middle income,3514,1583.4213966806747,2.219244988962759
T05,Facebook,Income,Upper income,1592,916.9194771531414,1.7362484271169085
T06,Facebook,Total,Total,7140,2952.7107018430324,2.4181170188949874
T06,Facebook,Age,18-29,433,236.8581326310208,1.8280985127689509
T06,Facebook,Age,30-49,2354,999.9493438627176,2.354119250587937
T06,Facebook,Age,50-64,2157,1168.226805157573,1.8463880391008998
T06,Facebook,Age,65+,2183,1250.285730265026,1.7460008917619692
T06,Facebook,Gender,A man,2836,1079.7103056301614,2.626630481539026
T06,Facebook,Gender,A woman,4258,1908.5964414787293,2.230958785976262
T06,Facebook,Gender,In some other way,35,17.533499579083706,1.9961787914691407
T06,Facebook,Education,College graduate+,3441,1809.3298812204346,1.9018090817573667
T06,Facebook,Education,Some College,2315,982.0231601106199,2.3573782106515973
T06,Facebook,Education,H.S. graduate or less,1361,654.3837250836216,2.0798194512341857
T06,Facebook,Region,Northeast,1173,501.90667492217835,2.3370878663486114
T06,Facebook,Region,Midwest,1592,671.9508856247181,2.369220777973832
T06,Facebook,Region,South,2853,1131.7894428277214,2.520786899082498
T06,Facebook,Region,West,1519,649.7647815544353,2.3377690560052966
T06,Facebook,Income,Lower income,1652,644.2358475944909,2.5642782936845174
T06,Facebook,Income,Middle income,3510,1580.6110958906663,2.220660103630446
T06,Facebook,Income,Upper income,1593,917.2732322267123,1.7366690142401058
T07,Facebook,Total,Total,7143,2953.937665897869,2.4181282098343932
T07,Facebook,Age,18-29,433,236.8581326310208,1.8280985127689509
T07,Facebook,Age,30-49,2354,999.7956115689467,2.3544812287242833
T07,Facebook,Age,50-64,2159,1169.5656981902998,1.8459843712419732
T07,Facebook,Age,65+,2184,1253.8730115460394,1.741803180935447
T07,Facebook,Gender,A man,2836,1079.3132559728706,2.627596746640241
T07,Facebook,Gender,A woman,4260,1909.8748990432916,2.2305125859991928
T07,Facebook,Gender,In some other way,36,18.413605380437744,1.9550761111805783
T07,Facebook,Education,College graduate+,3443,1810.217211896271,1.9019816944472245
T07,Facebook,Education,Some College,2313,980.2242905622205,2.359664030232661
T07,Facebook,Education,H.S. graduate or less,1365,656.8391535170291,2.0781343388120836
T07,Facebook,Region,Northeast,1174,501.6700300190091,2.340183646121964
T07,Facebook,Region,Midwest,1591,671.4549172775503,2.3694814931891397
T07,Facebook,Region,South,2853,1131.4878077017681,2.521458897374155
T07,Facebook,Region,West,1522,651.9270244491,2.3346171318578803
T07,Facebook,Income,Lower income,1652,644.1094531257925,2.5647814854804962
T07,Facebook,Income,Middle income,3513,1582.4945355791835,2.21991287869709
T07,Facebook,Income,Upper income,1594,918.2505142032394,1.735909727622755
T08,Instagram,Total,Total,4489,1668.3051450776254,2.6907547538559733
T08,Instagram,Age,18-29,541,293.26061879124717,1.8447754841065178
T08,Instagram,Age,30-49,1962,746.79665904859,2.627221180260186
T08,Instagram,Age,50-64,1219,657.4713620636925,1.8540731510704331
T08,Instagram,Age,65+,761,396.269072941161,1.920412295493459
T08,Instagram,Gender,A man,1600,561.2759841013932,2.85064753404978
T08,Instagram,Gender,A woman,2835,1126.8681346253657,2.5158223157517123
T08,Instagram,Gender,In some other way,44,24.04541108297973,1.8298709823740504
T08,Instagram,Education,College graduate+,2422,1191.4803077474126,2.0327654466895737
T08,Instagram,Education,Some College,1329,511.78251479435437,2.596806185404794
T08,Instagram,Education,H.S. graduate or less,723,316.9620562840924,2.2810301285778407
T08,Instagram,Region,Northeast,781,327.1608652579572,2.387204836936115
T08,Instagram,Region,Midwest,849,313.35409497609146,2.7093949420535823
T08,Instagram,Region,South,1801,601.6052897696073,2.993657187904243
T08,Instagram,Region,West,1055,429.63311221279696,2.4555835432848556
T08,Instagram,Income,Lower income,995,391.2051206740288,2.5434227401871934
T08,Instagram,Income,Middle income,2170,813.9304289197695,2.6660755304110895
T08,Instagram,Income,Upper income,1100,517.2858284187365,2.1264839273918086
T09,Instagram,Total,Total,4497,1669.3071717338555,2.6939319953493706
T09,Instagram,Age,18-29,541,293.26061879124717,1.8447754841065178
T09,Instagram,Age,30-49,1967,747.9790903784569,2.629752656594654
T09,Instagram,Age,50-64,1216,655.0447892139592,1.856361610721575
T09,Instagram,Age,65+,767,399.2153799195314,1.92126866493621
T09,Instagram,Gender,A man,1602,561.6623262066823,2.8522475609490865
T09,Instagram,Gender,A woman,2841,1127.686595762532,2.519316989911492
T09,Instagram,Gender,In some other way,44,24.04541108297973,1.8298709823740504
T09,Instagram,Education,College graduate+,2423,1191.7079273418085,2.0332163145081013
T09,Instagram,Education,Some College,1334,512.9663748854891,2.600560319958189
T09,Instagram,Education,H.S. graduate or less,725,317.2928243176222,2.2849555503160306
T09,Instagram,Region,Northeast,781,327.1608652579572,2.387204836936115
T09,Instagram,Region,Midwest,850,313.6095647256308,2.7103765178324326
T09,Instagram,Region,South,1806,601.7374440100801,3.0013089894564486
T09,Instagram,Region,West,1057,430.2203397277377,2.4568805851181184
T09,Instagram,Income,Lower income,997,390.4156434976893,2.55368865619213
T09,Instagram,Income,Middle income,2172,814.5627409395202,2.666461269140307
T09,Instagram,Income,Upper income,1103,518.9648976507699,2.125384597287827
T10,Instagram,Total,Total,4496,1668.1839065434297,2.695146489763208
T10,Instagram,Age,18-29,541,292.5862539742693,1.8490273984217207
T10,Instagram,Age,30-49,1965,747.7346213618516,2.627937698566289
T10,Instagram,Age,50-64,1218,655.9866373968919,1.8567451386407936
T10,Instagram,Age,65+,766,398.33349909905024,1.9230117520432928
T10,Instagram,Gender,A man,1600,559.9625750939028,2.8573338133029482
T10,Instagram,Gender,A woman,2842,1128.2451463433695,2.518956105604258
T10,Instagram,Gender,In some other way,44,24.04541108297973,1.8298709823740504
T10,Instagram,Education,College graduate+,2428,1194.1787240996207,2.0331964981461614
T10,Instagram,Education,Some College,1331,511.4499407771807,2.6024052285106554
T10,Instagram,Education,H.S. graduate or less,722,315.22911595069985,2.2903975662987834
T10,Instagram,Region,Northeast,780,326.80663336057563,2.3867324600458844
T10,Instagram,Region,Midwest,849,312.56750560328095,2.716213249235106
T10,Instagram,Region,South,1805,601.3802047675263,3.001429022256816
T10,Instagram,Region,West,1059,431.08130511453527,2.456613143357333
T10,Instagram,Income,Lower income,996,390.28159764444575,2.552003491866854
T10,Instagram,Income,Middle income,2175,815.5755573109224,2.6668283281702414
T10,Instagram,Income,Upper income,1103,518.7838578861338,2.126126291774664
T11,Instagram,Total,Total,4496,1669.2158034050362,2.6934803701406382
T11,Instagram,Age,18-29,542,293.4656898402594,1.8468939258113066
T11,Instagram,Age,30-49,1967,748.3112977532166,2.6285851969706475
T11,Instagram,Age,50-64,1217,656.1198548724786,1.8548440364398548
T11,Instagram,Age,65+,764,397.18264768185276,1.923548283035697
T11,Instagram,Gender,A man,1601,560.5871436734849,2.855934207675133
T11,Instagram,Gender,A woman,2841,1128.7198995017238,2.517010642989608
T11,Instagram,Gender,In some other way,44,24.04541108297973,1.8298709823740504
T11,Instagram,Education,College graduate+,2427,1194.3555683475333,2.0320581779159017
T11,Instagram,Education,Some College,1330,511.29470837244213,2.601239516508332
T11,Instagram,Education,H.S. graduate or less,725,317.17346743927186,2.2858154115265434
T11,Instagram,Region,Northeast,781,327.41897453247344,2.3853229676600196
T11,Instagram,Region,Midwest,849,312.07840091181384,2.72047023286276
T11,Instagram,Region,South,1804,601.7808704557606,2.997768936446476
T11,Instagram,Region,West,1059,431.41953382090907,2.454687182615176
T11,Instagram,Income,Lower income,997,392.0173447540973,2.5432548159964536
T11,Instagram,Income,Middle income,2173,813.6610110992312,2.6706453552006173
T11,Instagram,Income,Upper income,1102,517.7510813603839,2.1284359215716364
T12,Instagram,Total,Total,4501,1670.7875606968757,2.693939137374628
T12,Instagram,Age,18-29,542,293.4656898402594,1.8468939258113066
T12,Instagram,Age,30-49,1966,747.4875314379918,2.630144206175418
T12,Instagram,Age,50-64,1219,656.5250330036613,1.8567456513013143
T12,Instagram,Age,65+,768,398.84542070115083,1.9255580235819014
T12,Instagram,Gender,A man,1602,561.0240348938418,2.855492635539463
T12,Instagram,Gender,A woman,2845,1129.8454191124933,2.518043576469762
T12,Instagram,Gender,In some other way,44,24.04541108297973,1.8298709823740504
T12,Instagram,Education,College graduate+,2426,1192.7158414446897,2.034013396737887
T12,Instagram,Education,Some College,1334,512.736771537145,2.6017248499669168
T12,Instagram,Education,H.S. graduate or less,726,317.6718611795824,2.285377109902682
T12,Instagram,Region,Northeast,781,327.48497437587946,2.384842240436921
T12,Instagram,Region,Midwest,850,312.61784032484235,2.71897470444029
T12,Instagram,Region,South,1808,603.1736232259741,2.9974785540690787
T12,Instagram,Region,West,1059,430.9613246439113,2.4572970692324088
T12,Instagram,Income,Lower income,1001,392.8380571617667,2.5481237923641356
T12,Instagram,Income,Middle income,2175,814.997844476566,2.668718714706415
T12,Instagram,Income,Upper income,1102,518.2425822770243,2.126417314374469
T13,Instagram,Total,Total,4492,1666.3187201408814,2.695762788778018
T13,Instagram,Age,18-29,541,292.5862539742693,1.8490273984217207
T13,Instagram,Age,30-49,1962,745.3855075871119,2.632194991758281
T13,Instagram,Age,50-64,1217,655.938533932664,1.8553567705551697
T13,Instagram,Age,65+,766,398.8771410059388,1.9203908202616082
T13,Instagram,Gender,A man,1600,559.6850198300511,2.85875080323901
T13,Instagram,Gender,A woman,2838,1126.730725959149,2.5187916993957042
T13,Instagram,Gender,In some other way,44,24.04541108297973,1.8298709823740504
T13,Instagram,Education,College graduate+,2426,1193.4362476951121,2.0327855842198046
T13,Instagram,Education,Some College,1329,511.4393995638718,2.5985483346283065
T13,Instagram,Education,H.S. graduate or less,722,314.85179401716454,2.2931424045201383
T13,Instagram,Region,Northeast,778,324.9638983149704,2.394112096864143
T13,Instagram,Region,Midwest,849,312.59424464928486,2.715980906662359
T13,Instagram,Region,South,1806,602.5766645205549,2.9971290067081484
T13,Instagram,Region,West,1056,429.6054637336229,2.458069296471456
T13,Instagram,Income,Lower income,995,389.32706927580466,2.555691803939603
T13,Instagram,Income,Middle income,2171,814.1168306864312,2.666693425524072
T13,Instagram,Income,Upper income,1102,518.4131355809062,2.125717742018935
T14,Instagram,Total,Total,4501,1672.7351859819303,2.6908024878772543
T14,Instagram,Age,18-29,543,294.3954038863915,1.8444581431357745
T14,Instagram,Age,30-49,1968,748.9949787100827,2.62752095266284
T14,Instagram,Age,50-64,1219,657.1810667612377,1.8548921471635735
T14,Instagram,Age,65+,765,398.86062658742384,1.9179631906643568
T14,Instagram,Gender,A man,1602,562.3755815919592,2.8486300835912846
T14,Instagram,Gender,A woman,2845,1130.6968139114867,2.5161475339778505
T14,Instagram,Gender,In some other way,44,24.04541108297973,1.8298709823740504
T14,Instagram,Education,College graduate+,2427,1194.5933294301506,2.031653735382682
T14,Instagram,Education,Some College,1334,513.8104960629677,2.596287950950145
T14,Instagram,Education,H.S. graduate or less,725,317.25120781029113,2.285255287139941
T14,Instagram,Region,Northeast,780,326.84951418264535,2.386419334140823
T14,Instagram,Region,Midwest,853,315.09906009262085,2.7070851933016478
T14,Instagram,Region,South,1806,602.9671717926923,2.995187938060624
T14,Instagram,Region,West,1059,431.2476603803219,2.455665496401897
T14,Instagram,Income,Lower income,999,392.7151396870176,2.543828589842942
T14,Instagram,Income,Middle income,2173,815.4184263358708,2.664889496996652
T14,Instagram,Income,Upper income,1104,519.3723122136347,2.125642769239283
T15,X,Total,Total,2555,1051.288272105408,2.430351472373147
T15,X,Age,18-29,314,174.20261806796262,1.8024987424557388
T15,X,Age,30-49,1032,447.6671966413594,2.305283942497061
T15,X,Age,50-64,757,439.78687876279474,1.7212882797449232
T15,X,Age,65+,447,254.2502300657635,1.7581105035160853
T15,X,Gender,A man,1409,545.9790275861255,2.580685207322798
T15,X,Gender,A woman,1115,528.947639283517,2.107959119564872
T15,X,Gender,In some other way,29,16.091020499296476,1.8022474088121336
T15,X,Education,College graduate+,1462,728.3544519994435,2.0072644520625746
T15,X,Education,Some College,738,317.419773803087,2.3249969312177194
T15,X,Education,H.S. graduate or less,350,179.0331168784067,1.9549455771230766
T15,X,Region,Northeast,423,206.9669785162844,2.043804296861385
T15,X,Region,Midwest,503,190.45362264331132,2.6410629160991976
T15,X,Region,South,1088,422.5490765066893,2.574848841215669
T15,X,Region,West,540,233.9282002894869,2.3084006089550053
T15,X,Income,Lower income,526,235.75415133243376,2.2311378061728995
T15,X,Income,Middle income,1220,489.5562287471951,2.4920528600403187
T15,X,Income,Upper income,717,384.0644182990914,1.866874320655328
T16,X,Total,Total,2554,1049.1565425896224,2.434336437245092
T16,X,Age,18-29,314,174.01567170413628,1.8044351806075656
T16,X,Age,30-49,1033,447.83866301541156,2.3066342531583772
T16,X,Age,50-64,752,437.2097554963417,1.7199982172087929
T16,X,Age,65+,450,255.54453826375348,1.7609454815878103
T16,X,Gender,A man,1410,545.402639817585,2.5852460128751624
T16,X,Gender,A woman,1113,527.5562645314885,2.109727577566407
T16,X,Gender,In some other way,29,16.091020499296476,1.8022474088121336
T16,X,Education,College graduate+,1461,728.2176923225178,2.0062682016697595
T16,X,Education,Some College,738,317.56305408098365,2.3239479231478803
T16,X,Education,H.S. graduate or less,350,179.08299482050475,1.9544010884495522
T16,X,Region,Northeast,422,206.62692044345147,2.04232826533119
T16,X,Region,Midwest,499,189.0634738261237,2.639325248296856
T16,X,Region,South,1091,423.246789385912,2.5776923236273803
T16,X,Region,West,541,233.08550724560575,2.321036628973847
T16,X,Income,Lower income,524,234.93151726571014,2.230437218891113
T16,X,Income,Middle income,1221,489.96702613338545,2.492004430656529
T16,X,Income,Upper income,716,372.357748080483,1.9228819695333441
T17,X,Total,Total,2555,1049.5278440548327,2.434428028253926
T17,X,Age,18-29,316,175.22627269505824,1.8033825358479583
T17,X,Age,30-49,1030,447.4755884087859,2.301801543325881
T17,X,Age,50-64,755,438.14664647208724,1.723167359785095
T17,X,Age,65+,449,254.95522790774513,1.761093520947409
T17,X,Gender,A man,1409,544.1254374821729,2.5894764385944793
T17,X,Gender,A woman,1115,532.092567432649,2.0955000468807223
T17,X,Gender,In some other way,29,16.091020499296476,1.8022474088121336
T17,X,Education,College graduate+,1463,728.7412660712603,2.007571230166812
T17,X,Education,Some College,736,315.8063092788505,2.3305424191197113
T17,X,Education,H.S. graduate or less,351,178.9709724615757,1.9612118947130277
T17,X,Region,Northeast,421,207.5729153599497,2.0282029535016597
T17,X,Region,Midwest,503,190.45362264331132,2.6410629160991976
T17,X,Region,South,1090,423.11191346911653,2.5761505769550035
T17,X,Region,West,540,232.0729183948472,2.326854868439444
T17,X,Income,Lower income,525,235.34676063680897,2.23075090806195
T17,X,Income,Middle income,1218,487.9755670943563,2.4960266089807814
T17,X,Income,Upper income,718,373.6549438371516,1.9215589458731281
T18,X,Total,Total,2551,1046.3514645382002,2.437995345212104
T18,X,Age,18-29,316,175.22627269505824,1.8033825358479583
T18,X,Age,30-49,1028,445.5961114272048,2.3070219277888384
T18,X,Age,50-64,755,437.0960998584079,1.7273089378847655
T18,X,Age,65+,447,253.71876889426565,1.7617931931014612
T18,X,Gender,A man,1409,544.2749607845966,2.5887650572219303
T18,X,Gender,A woman,1111,526.1185065806329,2.111691541171301
T18,X,Gender,In some other way,29,16.091020499296476,1.8022474088121336
T18,X,Education,College graduate+,1463,727.8508949604558,2.010027067534876
T18,X,Education,Some College,732,314.2584287953236,2.329293132426215
T18,X,Education,H.S. graduate or less,351,179.45072040712677,1.9559687428597266
T18,X,Region,Northeast,422,206.30845990675277,2.045480830939921
T18,X,Region,Midwest,498,187.61613450977347,2.654355934265652
T18,X,Region,South,1091,423.7709584562857,2.574503934800767
T18,X,Region,West,539,231.64027972312792,2.326883738200667
T18,X,Income,Lower income,526,235.75415133243376,2.2311378061728995
T18,X,Income,Middle income,1215,486.7954050916917,2.495915095523848
T18,X,Income,Upper income,718,372.77006202393886,1.926120343735895
T19,X,Total,Total,2557,1050.6871208147934,2.4336455157241117
T19,X,Age,18-29,315,174.98755120393133,1.8001280538688005
T19,X,Age,30-49,1030,448.7856520397319,2.295082285537979
T19,X,Age,50-64,756,438.47397613146416,1.7241616176859138
T19,X,Age,65+,451,256.28544699773965,1.7597565733179443
T19,X,Gender,A man,1412,545.4765434842265,2.5885622706722873
T19,X,Gender,A woman,1115,532.0922145370041,2.0955014366639597
T19,X,Gender,In some other way,28,15.320572632156248,1.8276079277370474
T19,X,Education,College graduate+,1463,728.1789761379105,2.009121449453824
T19,X,Education,Some College,739,317.497393782412,2.3275781611815467
T19,X,Education,H.S. graduate or less,350,178.0279740479984,1.9659831656885334
T19,X,Region,Northeast,420,208.39427481132446,2.0154104539592494
T19,X,Region,Midwest,502,189.87384910825543,2.6438606598941794
T19,X,Region,South,1093,423.7680250620365,2.579241319209945
T19,X,Region,West,541,232.97847518766997,2.3221029305999665
T19,X,Income,Lower income,525,235.34676063680897,2.23075090806195
T19,X,Income,Middle income,1221,489.92802118386066,2.492202828181942
T19,X,Income,Upper income,719,374.06736425907894,1.9221136851222893
T20,X,Total,Total,2557,1050.0642669154824,2.4350890517502086
T20,X,Age,18-29,315,174.98755120393133,1.8001280538688005
T20,X,Age,30-49,1031,447.120705076444,2.3058650344177876
T20,X,Age,50-64,757,439.58071401604883,1.722095569398348
T20,X,Age,65+,449,255.38474365957651,1.7581316470435262
T20,X,Gender,A man,1412,546.2179289853193,2.5850487965911317
T20,X,Gender,A woman,1114,528.0636748598121,2.1095940755548837
T20,X,Gender,In some other way,29,16.091020499296476,1.8022474088121336
T20,X,Education,College graduate+,1464,729.315471367145,2.0073617761812255
T20,X,Education,Some College,736,316.55826974688733,2.325006390098381
T20,X,Education,H.S. graduate or less,352,179.84735971648013,1.9572152771934457
T20,X,Region,Northeast,422,206.62692044345147,2.04232826533119
T20,X,Region,Midwest,502,189.99302018425317,2.642202326765298
T20,X,Region,South,1091,423.22504679929716,2.5778247489151482
T20,X,Region,West,541,233.1329103237913,2.3205646909680033
T20,X,Income,Lower income,526,235.75415133243376,2.2311378061728995
T20,X,Income,Middle income,1219,488.9863708943906,2.4929120166894694
T20,X,Income,Upper income,720,374.74156525142337,1.9213240984274969
T21,X,Total,Total,2557,1047.5411572714556,2.440954211918749
T21,X,Age,18-29,315,175.04506217706424,1.79953662264044
T21,X,Age,30-49,1031,445.97584692043006,2.3117843872472057
T21,X,Age,50-64,755,437.3625662488913,1.7262565620907522
T21,X,Age,65+,451,256.28544699773965,1.7597565733179443
T21,X,Gender,A man,1411,544.5196766172877,2.5912745867431943
T21,X,Gender,A woman,1115,527.5285718778542,2.11362959172223
T21,X,Gender,In some other way,29,16.091020499296476,1.8022474088121336
T21,X,Education,College graduate+,1465,729.1455615704068,2.009201011722182
T21,X,Education,Some College,738,316.99175183509055,2.3281362865994435
T21,X,Education,H.S. graduate or less,349,177.80885554028956,1.962781881360911
T21,X,Region,Northeast,422,206.04584532929388,2.048087887069876
T21,X,Region,Midwest,503,190.5019300430336,2.6403931964698435
T21,X,Region,South,1091,422.19601053414516,2.584107790643761
T21,X,Region,West,540,231.73268852024736,2.330271156168018
T21,X,Income,Lower income,526,235.7874089114339,2.2308231064092796
T21,X,Income,Middle income,1220,488.5902579824439,2.4969797904645024
T21,X,Income,Upper income,719,373.3071732971131,1.9260278168503124
T22,TikTok,Total,Total,2553,1077.2033595014852,2.3700260284942787
T22,TikTok,Age,18-29,419,243.2371617889909,1.7225986231638568
T22,TikTok,Age,30-49,1190,477.8312351205095,2.4904190277554394
T22,TikTok,Age,50-64,670,382.6713961488884,1.7508494409112272
T22,TikTok,Age,65+,266,143.42002300386778,1.8546922140210955
T22,TikTok,Gender,A man,786,317.3387659801535,2.4768483534380317
T22,TikTok,Gender,A woman,1731,766.05294255295,2.2596349466804018
T22,TikTok,Gender,In some other way,32,17.21921311268522,1.8583892185192785
T22,TikTok,Education,College graduate+,1066,571.6005101851023,1.864938853281981
T22,TikTok,Education,Some College,861,384.39962920498164,2.2398564790000632
T22,TikTok,Education,H.S. graduate or less,619,297.645076952461,2.0796581160953145
T22,TikTok,Region,Northeast,387,179.4679894589428,2.156373407685244
T22,TikTok,Region,Midwest,481,189.95604489176392,2.5321647451339153
T22,TikTok,Region,South,1220,503.36306536032913,2.423697891156696
T22,TikTok,Region,West,464,209.10032934753107,2.2190304599129442
T22,TikTok,Income,Lower income,832,362.4217756101739,2.2956677992078247
T22,TikTok,Income,Middle income,1149,523.5686918324604,2.194554445145614
T22,TikTok,Income,Upper income,461,251.4154285785876,1.8336185754642353
T23,TikTok,Total,Total,2556,1078.7317131756329,2.369449204821743
T23,TikTok,Age,18-29,420,243.95653692388137,1.7216181427064905
T23,TikTok,Age,30-49,1192,478.9915284952272,2.4885617575423935
T23,TikTok,Age,50-64,670,382.69980732409164,1.7507194599463345
T23,TikTok,Age,65+,266,143.16315760156112,1.858019929542958
T23,TikTok,Gender,A man,788,318.3574854147134,2.4752048753416287
T23,TikTok,Gender,A woman,1732,766.4235381362618,2.2598470869145846
T23,TikTok,Gender,In some other way,32,17.21921311268522,1.8583892185192785
T23,TikTok,Education,College graduate+,1066,571.8542800347602,1.8641112556422645
T23,TikTok,Education,Some College,864,386.1315267228956,2.237579529785567
T23,TikTok,Education,H.S. graduate or less,619,297.645076952461,2.0796581160953145
T23,TikTok,Region,Northeast,388,180.39945393294133,2.1507825635892925
T23,TikTok,Region,Midwest,482,190.1804519466077,2.5344350329723655
T23,TikTok,Region,South,1221,503.78081121970223,2.423673099108004
T23,TikTok,Region,West,464,209.10032934753107,2.2190304599129442
T23,TikTok,Income,Lower income,834,363.77397618385857,2.2926323887953983
T23,TikTok,Income,Middle income,1152,525.1104198810207,2.1938243012984198
T23,TikTok,Income,Upper income,459,249.8499812629749,1.8371023991268112
T24,TikTok,Total,Total,2555,1079.0500879662468,2.367823355462181
T24,TikTok,Age,18-29,420,243.95653692388137,1.7216181427064905
T24,TikTok,Age,30-49,1192,478.9915284952272,2.4885617575423935
T24,TikTok,Age,50-64,671,383.58504273645,1.7492861432061217
T24,TikTok,Age,65+,264,142.05929472449733,1.8583789291083583
T24,TikTok,Gender,A man,789,318.4709252187867,2.4774632078515926
T24,TikTok,Gender,A woman,1730,766.5631188637224,2.2568265514317747
T24,TikTok,Gender,In some other way,32,17.21921311268522,1.8583892185192785
T24,TikTok,Education,College graduate+,1066,572.2148138500535,1.8629367401860744
T24,TikTok,Education,Some College,863,385.8282755094802,2.2367463837646997
T24,TikTok,Education,H.S. graduate or less,619,297.645076952461,2.0796581160953145
T24,TikTok,Region,Northeast,387,180.09474990975514,2.1488688603855715
T24,TikTok,Region,Midwest,482,190.1804519466077,2.5344350329723655
T24,TikTok,Region,South,1221,504.3858301339496,2.420765864250666
T24,TikTok,Region,West,464,209.10032934753107,2.2190304599129442
T24,TikTok,Income,Lower income,834,363.77890204528256,2.2926013446931157
T24,TikTok,Income,Middle income,1149,523.9255853221015,2.193059534005411
T24,TikTok,Income,Upper income,461,251.4154285785876,1.8336185754642353
T25,TikTok,Total,Total,2555,1078.253537567508,2.369572564319118
T25,TikTok,Age,18-29,419,243.41189727640494,1.7213620397700078
T25,TikTok,Age,30-49,1192,478.9915284952272,2.4885617575423935
T25,TikTok,Age,50-64,671,383.593717578793,1.7492465836909115
T25,TikTok,Age,65+,265,142.19647161911269,1.8636186747996724
T25,TikTok,Gender,A man,788,318.14332866516884,2.476871048361142
T25,TikTok,Gender,A woman,1731,766.1478524065916,2.25935502470268
T25,TikTok,Gender,In some other way,32,17.21921311268522,1.8583892185192785
T25,TikTok,Education,College graduate+,1066,572.2197759361568,1.8629205854621405
T25,TikTok,Education,Some College,864,385.85663093548885,2.2391736482674354
T25,TikTok,Education,H.S. graduate or less,618,297.1031858729145,2.0800854025993134
T25,TikTok,Region,Northeast,387,179.64882167373918,2.1542028296897597
T25,TikTok,Region,Midwest,481,189.82424163324472,2.533922937668465
T25,TikTok,Region,South,1222,504.4104995334533,2.422629983178919
T25,TikTok,Region,West,464,209.10032934753107,2.2190304599129442
T25,TikTok,Income,Lower income,835,363.8884949286287,2.2946589728366455
T25,TikTok,Income,Middle income,1149,523.7079683965635,2.193970818351099
T25,TikTok,Income,Upper income,461,251.4154285785876,1.8336185754642353
T26,TikTok,Total,Total,2552,1077.882781338827,2.367604385358292
T26,TikTok,Age,18-29,420,243.95653692388137,1.7216181427064905
T26,TikTok,Age,30-49,1189,478.0640201362947,2.4871145911817827
T26,TikTok,Age,50-64,669,381.67598477896166,1.7527956347251845
T26,TikTok,Age,65+,266,143.748353260644,1.8504559806517558
T26,TikTok,Gender,A man,787,318.1674208612659,2.473540495974176
T26,TikTok,Gender,A woman,1729,765.6798344074815,2.2581239864283225
T26,TikTok,Gender,In some other way,32,17.21921311268522,1.8583892185192785
T26,TikTok,Education,College graduate+,1066,572.2669830701311,1.8627669104393572
T26,TikTok,Education,Some College,862,385.3927784277528,2.2366791705766067
T26,TikTok,Education,H.S. graduate or less,617,297.03653837782275,2.077185532020953
T26,TikTok,Region,Northeast,387,180.24029182776832,2.1471336740278053
T26,TikTok,Region,Midwest,480,189.50074033668264,2.5329716345550546
T26,TikTok,Region,South,1220,503.8045175301915,2.4215741573355167
T26,TikTok,Region,West,464,209.10032934753107,2.2190304599129442
T26,TikTok,Income,Lower income,833,363.0460100761697,2.2944750166107886
T26,TikTok,Income,Middle income,1148,523.6278546748955,2.1923967370161352
T26,TikTok,Income,Upper income,461,251.4154285785876,1.8336185754642353
T27,TikTok,Total,Total,2555,1078.7845818297876,2.3684061146538817
T27,TikTok,Age,18-29,420,243.95653692388137,1.7216181427064905
T27,TikTok,Age,30-49,1189,477.662006785761,2.4892078145400527
T27,TikTok,Age,50-64,671,383.6078192480929,1.749182280265357
T27,TikTok,Age,65+,267,143.8869573687324,1.8556233649153588
T27,TikTok,Gender,A man,788,318.3729480188405,2.475084660626908
T27,TikTok,Gender,A woman,1731,766.4445899771353,2.258480290208115
T27,TikTok,Gender,In some other way,32,17.21921311268522,1.8583892185192785
T27,TikTok,Education,College graduate+,1066,572.9102624992909,1.860675344424153
T27,TikTok,Education,Some College,864,385.36634746485754,2.2420224435367704
T27,TikTok,Education,H.S. graduate or less,618,297.4676761477409,2.0775366520598455
T27,TikTok,Region,Northeast,388,180.39945393294133,2.1507825635892925
T27,TikTok,Region,Midwest,482,190.1804519466077,2.5344350329723655
T27,TikTok,Region,South,1221,504.0879421641943,2.4221964023933924
T27,TikTok,Region,West,463,208.86883994340738,2.2167021185421865
T27,TikTok,Income,Lower income,832,362.7549119657423,2.2935595702659213
T27,TikTok,Income,Middle income,1152,525.1104198810207,2.1938243012984198
T27,TikTok,Income,Upper income,461,251.4154285785876,1.8336185754642353
T28,TikTok,Total,Total,2553,1078.0083117946965,2.3682563223930053
T28,TikTok,Age,18-29,419,242.99340562802547,1.724326629017273
T28,TikTok,Age,30-49,1191,478.7585493315157,2.487684035434934
T28,TikTok,Age,50-64,669,382.8426094443095,1.7474543937808902
T28,TikTok,Age,65+,266,143.115165639084,1.8586429943477407
T28,TikTok,Gender,A man,788,318.3737212915164,2.4750786490901175
T28,TikTok,Gender,A woman,1729,765.7193841254513,2.2580073534049783
T28,TikTok,Gender,In some other way,32,17.21921311268522,1.8583892185192785
T28,TikTok,Education,College graduate+,1065,572.1013851318139,1.8615581567847816
T28,TikTok,Education,Some College,862,384.8998540647126,2.239543587499187
T28,TikTok,Education,H.S. graduate or less,619,297.645076952461,2.0796581160953145
T28,TikTok,Region,Northeast,387,180.15784276601215,2.1481163076682326
T28,TikTok,Region,Midwest,482,190.1804519466077,2.5344350329723655
T28,TikTok,Region,South,1221,504.4367927677538,2.420521297228525
T28,TikTok,Region,West,462,207.94359215975257,2.221756367683928
T28,TikTok,Income,Lower income,832,362.53266675159136,2.29496560256207
T28,TikTok,Income,Middle income,1150,524.328764984134,2.1932803935233243
T28,TikTok,Income,Upper income,460,251.19678067748566,1.8312336597601508
